时间,振次,轴位移,力,变形,围压,孔压,反压,N,d1,pp
0.0,0.0,163.4,21.51,3.892,300,247,228,0.0,0.0,0
0.2,0.02,163.3,21.51,3.885,300,247,227,0.02,-0.09999999999999432,0
0.4,0.04,163.4,21.87,3.895,300,247,228,0.04,0.0,0
0.61,0.06,163.4,22.51,3.911,299,247,228,0.06,0.0,0
0.81,0.08,163.4,23.62,3.9410000000000003,300,247,228,0.08,0.0,0
1.01,0.1,163.4,25.94,4.052,301,245,227,0.1,0.0,-2
1.21,0.12,163.6,27.32,4.11,301,245,226,0.12,0.19999999999998863,-2
1.41,0.14,163.6,28.66,4.17,301,244,225,0.14,0.19999999999998863,-3
1.62,0.16,163.6,30.9,4.294,302,242,224,0.16,0.19999999999998863,-5
1.82,0.18,163.7,31.8,4.36,302,242,223,0.18,0.29999999999998295,-5
2.02,0.2,163.8,32.61,4.416,302,241,222,0.2,0.4000000000000057,-6
2.22,0.22,163.8,33.32,4.4719999999999995,302,240,221,0.22,0.4000000000000057,-7
2.42,0.24,164.0,34.24,4.593,301,239,220,0.24,0.5999999999999943,-8
2.63,0.26,164.0,34.62,4.668,301,238,219,0.26,0.5999999999999943,-9
2.83,0.28,164.1,34.84,4.7139999999999995,302,237,218,0.28,0.6999999999999886,-10
3.03,0.3,164.1,34.94,4.83,302,236,217,0.3,0.6999999999999886,-11
3.23,0.32,164.2,34.99,4.875,301,236,217,0.32,0.799999999999983,-11
3.43,0.34,164.2,34.87,4.905,301,236,216,0.34,0.799999999999983,-11
3.64,0.36,164.3,34.32,4.946000000000001,301,235,216,0.36,0.9000000000000057,-12
3.84,0.38,164.3,33.88,4.952,300,235,216,0.38,0.9000000000000057,-12
4.04,0.4,164.3,33.54,4.948,300,235,216,0.4,0.9000000000000057,-12
4.24,0.42,164.2,33.24,4.958,300,235,216,0.42,0.799999999999983,-12
4.44,0.44,164.3,31.6,4.96,300,235,217,0.44,0.9000000000000057,-12
4.65,0.46,164.3,30.17,4.942,299,235,216,0.46,0.9000000000000057,-12
4.85,0.48,164.3,29.16,4.92,299,235,216,0.48,0.9000000000000057,-12
5.05,0.5,164.2,26.16,4.863,299,236,217,0.5,0.799999999999983,-11
5.25,0.52,164.2,24.69,4.829,299,236,217,0.52,0.799999999999983,-11
5.45,0.54,164.2,22.98,4.796,299,237,217,0.54,0.799999999999983,-10
5.66,0.56,164.2,21.64,4.75,299,237,218,0.56,0.799999999999983,-10
5.86,0.58,164.1,18.85,4.644,298,238,219,0.58,0.6999999999999886,-9
6.06,0.6,164.1,17.52,4.583,297,238,220,0.6,0.6999999999999886,-9
6.26,0.62,164.0,16.38,4.52,297,239,220,0.62,0.5999999999999943,-8
6.46,0.64,163.9,14.32,4.381,297,242,222,0.64,0.5,-5
6.67,0.66,163.9,13.24,4.2860000000000005,296,243,223,0.66,0.5,-4
6.87,0.68,163.8,12.35,4.194,297,244,224,0.68,0.4000000000000057,-3
7.07,0.7,163.6,10.92,3.972,297,247,227,0.7000000000000001,0.19999999999998863,0
7.27,0.72,163.6,10.39,3.86,296,248,228,0.72,0.19999999999998863,1
7.47,0.74,163.5,9.83,3.752,296,249,230,0.74,0.09999999999999432,2
7.68,0.76,163.4,9.46,3.628,297,251,231,0.76,0.0,4
7.88,0.78,163.2,8.9,3.4139999999999997,297,253,233,0.78,-0.20000000000001705,6
8.08,0.8,163.2,8.69,3.322,297,254,234,0.8,-0.20000000000001705,7
8.28,0.82,163.1,8.49,3.234,297,255,234,0.8200000000000001,-0.30000000000001137,8
8.48,0.84,163.0,8.43,3.1239999999999997,298,257,236,0.84,-0.4000000000000057,10
8.69,0.86,163.0,8.42,3.096,298,257,237,0.86,-0.4000000000000057,10
8.89,0.88,162.9,8.47,3.0869999999999997,298,257,237,0.88,-0.5,10
9.09,0.9,163.0,8.49,3.0989999999999998,298,257,237,0.9,-0.4000000000000057,10
9.29,0.92,163.0,9.48,3.097,300,258,237,0.92,-0.4000000000000057,11
9.49,0.94,163.0,10.39,3.123,299,258,237,0.9400000000000001,-0.4000000000000057,11
9.7,0.96,163.0,10.98,3.19,298,257,237,0.96,-0.4000000000000057,10
9.9,0.98,163.1,12.73,3.3789999999999996,300,259,239,0.98,-0.30000000000001137,12
10.1,1.0,163.3,13.68,3.517,300,259,238,1.0,-0.09999999999999432,12
10.3,1.03,163.4,14.8,3.682,300,257,237,1.02,0.0,10
10.5,1.05,163.5,16.05,3.873,300,256,236,1.04,0.09999999999999432,9
10.71,1.07,163.7,19.97,4.265,303,253,233,1.06,0.29999999999998295,6
10.91,1.09,163.9,22.2,4.446000000000001,303,251,231,1.08,0.5,4
11.11,1.11,164.1,24.38,4.595,303,249,230,1.1,0.6999999999999886,2
11.31,1.13,164.3,28.13,4.857,303,246,226,1.12,0.9000000000000057,-1
11.51,1.15,164.3,29.74,4.958,304,245,226,1.1400000000000001,0.9000000000000057,-2
11.72,1.17,164.4,30.88,5.062,303,243,224,1.16,1.0,-4
11.92,1.19,164.6,32.52,5.252999999999999,302,240,221,1.18,1.1999999999999886,-7
12.12,1.21,164.7,33.46,5.352,303,239,221,1.2,1.299999999999983,-8
12.32,1.23,164.7,34.13,5.446000000000001,303,239,220,1.22,1.299999999999983,-8
12.52,1.25,164.8,34.47,5.524,302,238,218,1.24,1.4000000000000057,-9
12.73,1.27,165.0,35.03,5.686,302,235,217,1.26,1.5999999999999943,-12
12.93,1.29,165.0,35.39,5.757999999999999,303,235,217,1.28,1.5999999999999943,-12
13.13,1.31,165.1,35.41,5.82,302,235,216,1.3,1.6999999999999886,-12
13.33,1.33,165.2,34.97,5.916,299,233,215,1.32,1.799999999999983,-14
13.53,1.35,165.2,34.83,5.94,301,233,215,1.34,1.799999999999983,-14
13.74,1.37,165.2,34.56,5.962999999999999,301,234,216,1.36,1.799999999999983,-13
13.94,1.39,165.2,33.64,5.977,299,233,215,1.3800000000000001,1.799999999999983,-14
14.14,1.41,165.3,33.31,5.984,298,233,214,1.4000000000000001,1.9000000000000057,-14
14.34,1.43,165.2,33.19,5.979,300,234,215,1.42,1.799999999999983,-13
14.54,1.45,165.3,32.07,5.979,301,234,215,1.44,1.9000000000000057,-13
14.75,1.47,165.3,29.23,5.955,298,233,214,1.46,1.9000000000000057,-14
14.95,1.49,165.3,28.04,5.931,298,234,215,1.48,1.9000000000000057,-13
15.15,1.51,165.2,26.47,5.8870000000000005,300,234,215,1.5,1.799999999999983,-13
15.35,1.53,165.2,23.24,5.819,298,235,216,1.52,1.799999999999983,-12
15.55,1.55,165.1,21.85,5.776,298,235,216,1.54,1.6999999999999886,-12
15.76,1.57,165.1,20.55,5.731,298,236,217,1.56,1.6999999999999886,-11
15.96,1.59,165.0,19.01,5.675,298,237,218,1.58,1.5999999999999943,-10
16.16,1.61,165.1,16.67,5.547999999999999,297,237,219,1.6,1.6999999999999886,-10
16.36,1.63,165.0,15.49,5.481,297,239,219,1.62,1.5999999999999943,-8
16.56,1.65,164.9,14.51,5.409,297,241,220,1.6400000000000001,1.5,-6
16.77,1.67,164.8,12.56,5.2010000000000005,296,243,223,1.6600000000000001,1.4000000000000057,-4
16.97,1.69,164.7,11.82,5.1,296,244,225,1.68,1.299999999999983,-3
17.17,1.71,164.6,11.16,4.996,297,246,227,1.7,1.1999999999999886,-1
17.37,1.73,164.4,10.19,4.758,297,250,229,1.72,1.0,3
17.57,1.75,164.4,9.58,4.651,296,251,231,1.74,1.0,4
17.78,1.77,164.3,9.34,4.533,296,252,232,1.76,0.9000000000000057,5
17.98,1.79,164.2,9.14,4.426,298,254,234,1.78,0.799999999999983,7
18.18,1.81,164.0,8.7,4.242,298,256,236,1.8,0.5999999999999943,9
18.38,1.83,164.0,8.61,4.1739999999999995,297,255,235,1.82,0.5999999999999943,8
18.58,1.85,164.0,8.52,4.127,297,256,236,1.84,0.5999999999999943,9
18.79,1.87,164.0,8.81,4.0969999999999995,300,259,239,1.86,0.5999999999999943,12
18.99,1.89,164.0,8.75,4.09,298,258,237,1.8800000000000001,0.5999999999999943,11
19.19,1.91,163.9,8.8,4.098,297,257,237,1.9000000000000001,0.5,10
19.39,1.93,164.0,9.57,4.099,299,258,237,1.92,0.5999999999999943,11
19.59,1.95,164.0,11.11,4.178999999999999,301,259,239,1.94,0.5999999999999943,12
19.8,1.97,164.1,11.84,4.255,299,259,239,1.96,0.6999999999999886,12
20.0,1.99,164.1,12.55,4.368,298,258,238,1.98,0.6999999999999886,11
20.2,2.02,164.3,15.0,4.683,302,259,239,2.0,0.9000000000000057,12
20.4,2.04,164.5,16.19,4.868,302,257,237,2.02,1.0999999999999943,10
20.6,2.06,164.6,17.81,5.073,301,254,235,2.04,1.1999999999999886,7
20.81,2.08,164.8,19.78,5.263999999999999,302,252,233,2.06,1.4000000000000057,5
21.01,2.1,165.0,24.37,5.607,304,250,230,2.08,1.5999999999999943,3
21.21,2.12,165.1,26.22,5.742999999999999,303,248,228,2.1,1.6999999999999886,1
21.41,2.14,165.2,27.93,5.876,302,245,226,2.12,1.799999999999983,-2
21.61,2.16,165.5,30.98,6.09,305,244,224,2.14,2.0999999999999943,-3
21.82,2.18,165.5,31.97,6.19,304,242,223,2.16,2.0999999999999943,-5
22.02,2.2,165.6,32.52,6.2860000000000005,301,240,221,2.18,2.1999999999999886,-7
22.22,2.22,165.7,34.0,6.48,303,238,219,2.2,2.299999999999983,-9
22.42,2.24,165.9,34.68,6.567,304,238,219,2.22,2.5,-9
22.62,2.26,165.9,34.91,6.645,302,237,218,2.24,2.5,-10
22.83,2.28,166.0,34.73,6.718999999999999,299,235,216,2.2600000000000002,2.5999999999999943,-12
23.03,2.3,166.1,35.41,6.872999999999999,302,235,215,2.2800000000000002,2.6999999999999886,-12
23.23,2.32,166.2,35.41,6.916,303,235,216,2.3000000000000003,2.799999999999983,-12
23.43,2.34,166.2,35.13,6.956,300,234,215,2.32,2.799999999999983,-13
23.63,2.36,166.3,34.38,7.01,299,232,213,2.34,2.9000000000000057,-15
23.84,2.38,166.2,34.28,7.028,301,233,215,2.36,2.799999999999983,-14
24.04,2.4,166.3,33.88,7.028,301,234,215,2.38,2.9000000000000057,-13
24.24,2.42,166.3,33.26,7.037999999999999,298,233,214,2.4,2.9000000000000057,-14
24.44,2.44,166.3,32.36,7.025,299,233,214,2.42,2.9000000000000057,-14
24.64,2.46,166.2,30.65,7.024,300,233,215,2.44,2.799999999999983,-14
24.85,2.48,166.3,29.37,7.007000000000001,299,233,215,2.46,2.9000000000000057,-14
25.05,2.5,166.3,26.45,6.957000000000001,298,233,214,2.48,2.9000000000000057,-14
25.25,2.52,166.3,24.98,6.912000000000001,300,234,215,2.5,2.9000000000000057,-13
25.45,2.54,166.1,23.55,6.874,299,235,216,2.52,2.6999999999999886,-12
25.65,2.56,166.2,21.78,6.825,298,235,215,2.54,2.799999999999983,-12
25.86,2.58,166.1,19.13,6.732,298,236,216,2.56,2.6999999999999886,-11
26.06,2.6,166.1,17.9,6.6610000000000005,298,237,218,2.58,2.6999999999999886,-10
26.26,2.62,166.0,16.57,6.597,298,238,219,2.6,2.5999999999999943,-9
26.46,2.64,166.0,14.43,6.4510000000000005,296,239,220,2.62,2.5999999999999943,-8
26.66,2.66,165.8,13.6,6.348,297,241,222,2.64,2.4000000000000057,-6
26.87,2.68,165.8,12.79,6.254,298,243,224,2.66,2.4000000000000057,-4
27.07,2.7,165.6,11.1,6.029,296,246,226,2.68,2.1999999999999886,-1
27.27,2.72,165.5,10.59,5.919,296,248,228,2.7,2.0999999999999943,1
27.47,2.74,165.4,10.25,5.803,298,251,230,2.72,2.0,4
27.67,2.76,165.4,9.82,5.6770000000000005,298,252,232,2.74,2.0,5
27.88,2.78,165.2,8.86,5.4479999999999995,296,252,233,2.7600000000000002,1.799999999999983,5
28.08,2.8,165.1,8.89,5.357,296,254,234,2.7800000000000002,1.6999999999999886,7
28.28,2.82,165.0,8.85,5.274,300,257,236,2.8000000000000003,1.5999999999999943,10
28.48,2.84,164.9,8.56,5.149,298,257,237,2.82,1.5,10
28.68,2.86,164.9,8.45,5.127000000000001,296,257,236,2.84,1.5,10
28.89,2.88,164.9,8.67,5.12,298,258,238,2.86,1.5,11
29.09,2.9,164.9,8.99,5.114,301,259,239,2.88,1.5,12
29.29,2.92,164.9,9.46,5.109,298,258,238,2.9,1.5,11
29.49,2.94,164.9,10.46,5.14,297,258,238,2.92,1.5,11
29.69,2.96,165.0,11.19,5.197,299,259,239,2.94,1.5999999999999943,12
29.9,2.98,165.1,12.74,5.377000000000001,301,261,240,2.96,1.6999999999999886,14
30.1,3.01,165.1,13.6,5.526,300,259,239,2.98,1.6999999999999886,12
30.3,3.03,165.3,14.53,5.68,300,258,238,3.0,1.9000000000000057,11
30.5,3.05,165.6,17.73,6.09,303,256,237,3.02,2.1999999999999886,9
30.7,3.07,165.8,19.61,6.284,303,254,234,3.04,2.4000000000000057,7
30.91,3.09,165.9,21.63,6.476,302,251,231,3.06,2.5,4
31.11,3.11,166.0,24.1,6.648,303,249,229,3.08,2.5999999999999943,2
31.31,3.13,166.3,28.01,6.925,305,247,227,3.1,2.9000000000000057,0
31.51,3.15,166.4,29.19,7.032,303,244,225,3.12,3.0,-3
31.71,3.17,166.4,30.32,7.141,301,242,222,3.14,3.0,-5
31.92,3.19,166.6,32.85,7.354,304,241,222,3.16,3.1999999999999886,-6
32.12,3.21,166.7,33.49,7.44,303,240,221,3.18,3.299999999999983,-7
32.32,3.23,166.8,33.68,7.539,300,237,219,3.2,3.4000000000000057,-10
32.52,3.25,166.9,34.12,7.643,299,236,217,3.22,3.5,-11
32.72,3.27,167.0,35.34,7.81,304,236,218,3.24,3.5999999999999943,-11
32.93,3.29,167.0,35.11,7.874,302,235,216,3.2600000000000002,3.5999999999999943,-12
33.13,3.31,167.2,34.87,7.928,299,233,215,3.2800000000000002,3.799999999999983,-14
33.33,3.33,167.2,35.21,8.032,301,233,214,3.3000000000000003,3.799999999999983,-14
33.53,3.35,167.3,35.1,8.058,302,234,215,3.3200000000000003,3.9000000000000057,-13
33.73,3.37,167.2,34.51,8.087,299,233,214,3.34,3.799999999999983,-14
33.94,3.39,167.3,33.91,8.083,297,232,212,3.36,3.9000000000000057,-15
34.14,3.41,167.3,33.45,8.104,301,234,215,3.38,3.9000000000000057,-13
34.34,3.43,167.3,33.07,8.107000000000001,300,233,214,3.4,3.9000000000000057,-14
34.54,3.45,167.3,31.96,8.1,298,232,214,3.42,3.9000000000000057,-15
34.74,3.47,167.3,29.54,8.079,299,233,215,3.44,3.9000000000000057,-14
34.95,3.49,167.3,28.03,8.055,301,234,215,3.46,3.9000000000000057,-13
35.15,3.51,167.3,26.3,8.017999999999999,298,233,214,3.48,3.9000000000000057,-14
35.35,3.53,167.2,23.42,7.95,298,233,215,3.5,3.799999999999983,-14
35.55,3.55,167.2,21.95,7.914,299,235,216,3.52,3.799999999999983,-12
35.75,3.57,167.2,20.45,7.852,299,236,216,3.54,3.799999999999983,-11
35.96,3.59,167.2,18.88,7.803999999999999,296,236,217,3.56,3.799999999999983,-11
36.16,3.61,167.1,16.63,7.68,298,238,219,3.58,3.6999999999999886,-9
36.36,3.63,167.0,15.81,7.593,298,240,220,3.6,3.5999999999999943,-7
36.56,3.65,166.9,14.52,7.513999999999999,297,241,221,3.62,3.5,-6
36.76,3.67,166.8,12.51,7.324,296,243,223,3.64,3.4000000000000057,-4
36.97,3.69,166.7,12.03,7.215,298,245,226,3.66,3.299999999999983,-2
37.17,3.71,166.7,11.32,7.087000000000001,298,248,228,3.68,3.299999999999983,1
37.37,3.73,166.5,10.56,6.978,296,249,229,3.7,3.0999999999999943,2
37.57,3.75,166.4,9.65,6.745,296,251,230,3.72,3.0,4
37.77,3.77,166.3,9.66,6.627999999999999,299,254,233,3.74,2.9000000000000057,7
37.98,3.79,166.2,9.24,6.5089999999999995,299,256,235,3.7600000000000002,2.799999999999983,9
38.18,3.81,166.1,8.55,6.3260000000000005,295,255,234,3.7800000000000002,2.6999999999999886,8
38.38,3.83,166.0,8.67,6.26,298,257,236,3.8000000000000003,2.5999999999999943,10
38.58,3.85,166.0,8.78,6.209,301,260,240,3.8200000000000003,2.5999999999999943,13
38.78,3.87,166.0,8.68,6.164,298,258,238,3.84,2.5999999999999943,11
38.99,3.89,166.0,8.64,6.16,296,257,237,3.86,2.5999999999999943,10
39.19,3.91,165.9,8.83,6.165,299,259,239,3.88,2.5,12
39.39,3.93,165.9,9.78,6.162999999999999,303,261,241,3.9,2.5,14
39.59,3.95,165.9,11.01,6.231,298,259,239,3.92,2.5,12
39.79,3.97,166.0,11.74,6.312,297,259,238,3.94,2.5999999999999943,12
40.0,4.0,166.0,12.7,6.422999999999999,301,261,241,3.96,2.5999999999999943,14
40.2,4.02,166.3,14.67,6.732,302,260,240,3.98,2.9000000000000057,13
40.4,4.04,166.5,15.64,6.925,299,257,237,4.0,3.0999999999999943,10
40.6,4.06,166.7,17.32,7.1370000000000005,300,255,235,4.0200000000000005,3.299999999999983,8
40.8,4.08,166.8,19.69,7.347,303,254,235,4.04,3.4000000000000057,7
41.01,4.1,167.0,23.8,7.704,302,249,230,4.0600000000000005,3.5999999999999943,2
41.21,4.12,167.2,25.58,7.867000000000001,300,246,226,4.08,3.799999999999983,-1
41.41,4.14,167.3,27.85,8.004,302,245,225,4.1,3.9000000000000057,-2
41.61,4.16,167.5,30.81,8.232999999999999,305,244,225,4.12,4.099999999999994,-3
41.81,4.18,167.6,31.43,8.334,300,241,222,4.14,4.199999999999989,-6
42.02,4.2,167.7,32.11,8.448,299,238,219,4.16,4.299999999999983,-9
42.22,4.22,167.9,34.28,8.652999999999999,305,239,220,4.18,4.5,-8
42.42,4.24,167.9,34.38,8.735,303,238,219,4.2,4.5,-9
42.62,4.26,168.1,34.18,8.821,298,235,216,4.22,4.699999999999989,-12
42.82,4.28,168.1,34.57,8.918,298,233,214,4.24,4.699999999999989,-14
43.03,4.3,168.2,35.5,9.057,303,235,216,4.26,4.799999999999983,-12
43.23,4.32,168.3,35.2,9.104,300,234,215,4.28,4.900000000000006,-13
43.43,4.34,168.3,34.66,9.151,297,232,213,4.3,4.900000000000006,-15
43.63,4.36,168.4,34.63,9.216000000000001,302,233,214,4.32,5.0,-14
43.83,4.38,168.4,34.33,9.222000000000001,302,233,215,4.34,5.0,-14
44.04,4.4,168.3,33.53,9.228,298,232,213,4.36,4.900000000000006,-15
44.24,4.42,168.4,33.07,9.234,296,232,212,4.38,5.0,-15
44.44,4.44,168.4,32.24,9.229,301,233,214,4.4,5.0,-14
44.64,4.46,168.3,30.49,9.222000000000001,299,233,214,4.42,4.900000000000006,-14
44.84,4.48,168.4,29.33,9.207,297,232,213,4.44,5.0,-15
45.05,4.5,168.3,26.62,9.147,300,234,214,4.46,4.900000000000006,-13
45.25,4.52,168.3,24.96,9.109,300,234,215,4.48,4.900000000000006,-13
45.45,4.54,168.3,23.29,9.065,298,234,215,4.5,4.900000000000006,-13
45.65,4.56,168.3,20.49,8.985,297,235,216,4.5200000000000005,4.900000000000006,-12
45.85,4.58,168.2,19.28,8.923,299,237,217,4.54,4.799999999999983,-10
46.06,4.6,168.2,17.86,8.852,299,237,218,4.5600000000000005,4.799999999999983,-10
46.26,4.62,168.2,16.61,8.793,296,237,218,4.58,4.799999999999983,-10
46.46,4.64,168.0,14.65,8.645,298,240,221,4.6000000000000005,4.599999999999994,-7
46.66,4.66,168.0,13.73,8.545,298,242,223,4.62,4.599999999999994,-5
46.86,4.68,167.9,12.68,8.439,296,244,224,4.64,4.5,-3
47.07,4.7,167.7,11.16,8.216000000000001,296,246,226,4.66,4.299999999999983,-1
47.27,4.72,167.7,10.73,8.102,298,249,229,4.68,4.299999999999983,2
47.47,4.74,167.6,10.4,7.968999999999999,299,251,231,4.7,4.199999999999989,4
47.67,4.76,167.5,9.81,7.853,296,252,232,4.72,4.099999999999994,5
47.87,4.78,167.3,9.18,7.627000000000001,296,254,233,4.74,3.9000000000000057,7
48.08,4.8,167.2,9.2,7.519,300,257,237,4.76,3.799999999999983,10
48.28,4.82,167.0,8.81,7.441,300,259,238,4.78,3.5999999999999943,12
48.48,4.84,167.0,8.37,7.308,295,257,237,4.8,3.5999999999999943,10
48.68,4.86,167.0,8.66,7.292999999999999,298,258,238,4.82,3.5999999999999943,11
48.88,4.88,167.0,8.96,7.28,302,261,240,4.84,3.5999999999999943,14
49.09,4.9,166.9,8.96,7.279,301,261,240,4.86,3.5,14
49.29,4.92,167.0,9.42,7.284,297,258,238,4.88,3.5999999999999943,11
49.49,4.94,167.0,10.61,7.3020000000000005,300,260,240,4.9,3.5999999999999943,13
49.69,4.96,167.0,11.27,7.356,303,262,241,4.92,3.5999999999999943,15
49.89,4.99,167.1,12.43,7.541,298,260,239,4.94,3.6999999999999886,13
50.1,5.01,167.3,13.29,7.691,299,259,239,4.96,3.9000000000000057,12
50.3,5.03,167.4,14.66,7.864,302,260,239,4.98,4.0,13
50.5,5.05,167.7,17.48,8.238999999999999,302,257,237,5.0,4.299999999999983,10
50.7,5.07,167.9,19.2,8.445,300,253,233,5.0200000000000005,4.5,6
50.9,5.09,168.0,21.59,8.656,302,251,232,5.04,4.599999999999994,4
51.11,5.11,168.1,24.24,8.832,305,250,231,5.0600000000000005,4.699999999999989,3
51.31,5.13,168.3,27.57,9.12,302,245,226,5.08,4.900000000000006,-2
51.51,5.15,168.5,28.83,9.246,300,242,223,5.1000000000000005,5.099999999999994,-5
51.71,5.17,168.5,30.59,9.367,303,242,223,5.12,5.099999999999994,-5
51.91,5.19,168.7,32.75,9.562999999999999,304,241,222,5.14,5.299999999999983,-6
52.12,5.21,168.8,32.86,9.658,300,238,219,5.16,5.400000000000006,-9
52.32,5.23,168.9,33.4,9.77,299,236,217,5.18,5.5,-11
52.52,5.25,169.0,34.55,9.874,303,236,218,5.2,5.599999999999994,-11
52.72,5.27,169.1,34.89,10.03,302,236,217,5.22,5.699999999999989,-11
52.92,5.29,169.2,34.59,10.099,298,233,214,5.24,5.799999999999983,-14
53.13,5.31,169.3,34.91,10.191,299,232,213,5.26,5.900000000000006,-15
53.33,5.33,169.3,35.32,10.279000000000002,303,234,215,5.28,5.900000000000006,-13
53.53,5.35,169.5,34.7,10.302,300,233,213,5.3,6.099999999999994,-14
53.73,5.37,169.4,34.2,10.32,297,231,213,5.32,6.0,-16
53.93,5.39,169.5,34.05,10.344000000000001,298,232,213,5.34,6.099999999999994,-15
54.14,5.41,169.5,33.45,10.355,301,233,214,5.36,6.099999999999994,-14
54.34,5.43,169.5,32.73,10.359000000000002,297,232,213,5.38,6.099999999999994,-15
54.54,5.45,169.4,32.06,10.365,297,232,213,5.4,6.0,-15
54.74,5.47,169.5,29.44,10.325,301,234,215,5.42,6.099999999999994,-13
54.94,5.49,169.4,27.95,10.304,298,232,214,5.44,6.0,-15
55.15,5.51,169.4,26.31,10.267999999999999,297,232,214,5.46,6.0,-15
55.35,5.53,169.3,23.54,10.205,300,234,215,5.48,5.900000000000006,-13
55.55,5.55,169.4,21.97,10.144,299,235,216,5.5,6.0,-12
55.75,5.57,169.3,20.3,10.101,297,235,216,5.5200000000000005,5.900000000000006,-12
55.95,5.59,169.3,19.09,10.051,296,235,216,5.54,5.900000000000006,-12
56.16,5.61,169.1,16.83,9.921,299,238,220,5.5600000000000005,5.699999999999989,-9
56.36,5.63,169.1,15.6,9.843,298,239,220,5.58,5.699999999999989,-8
56.56,5.65,169.1,14.49,9.756,295,240,220,5.6000000000000005,5.699999999999989,-7
56.76,5.67,168.9,12.74,9.56,298,244,224,5.62,5.5,-3
56.96,5.69,168.9,12.07,9.459,299,246,226,5.64,5.5,-1
57.17,5.71,168.9,11.25,9.335,297,247,227,5.66,5.5,0
57.37,5.73,168.7,10.4,9.206,294,247,228,5.68,5.299999999999983,0
57.57,5.75,168.6,10.02,8.974,298,253,232,5.7,5.199999999999989,6
57.77,5.77,168.4,9.65,8.863,299,255,235,5.72,5.0,8
57.97,5.79,168.4,9.12,8.731,297,255,235,5.74,5.0,8
58.18,5.81,168.3,8.73,8.559,296,255,236,5.76,4.900000000000006,8
58.38,5.83,168.2,9.04,8.476,301,260,238,5.78,4.799999999999983,13
58.58,5.85,168.1,8.92,8.422,301,261,240,5.8,4.699999999999989,14
58.78,5.87,168.0,8.5,8.381,296,258,237,5.82,4.599999999999994,11
58.98,5.89,168.0,8.73,8.377,298,259,238,5.84,4.599999999999994,12
59.19,5.91,168.0,9.31,8.372,302,262,241,5.86,4.599999999999994,15
59.39,5.93,168.0,9.6,8.38,302,262,241,5.88,4.599999999999994,15
59.59,5.95,168.1,10.92,8.45,297,260,239,5.9,4.699999999999989,13
59.79,5.97,168.1,11.74,8.54,300,261,241,5.92,4.699999999999989,14
59.99,6.0,168.2,12.73,8.65,303,263,243,5.94,4.799999999999983,16
60.2,6.02,168.5,14.41,8.959,299,259,239,5.96,5.099999999999994,12
60.4,6.04,168.6,15.51,9.154,299,257,237,5.98,5.199999999999989,10
60.6,6.06,168.7,17.51,9.36,303,257,237,6.0,5.299999999999983,10
60.8,6.08,169.0,19.67,9.562999999999999,305,256,237,6.0200000000000005,5.599999999999994,9
61.0,6.1,169.3,23.41,9.949,300,249,228,6.04,5.900000000000006,2
61.21,6.12,169.3,25.78,10.116,301,247,227,6.0600000000000005,5.900000000000006,0
61.41,6.14,169.4,28.02,10.258,306,246,227,6.08,6.0,-1
61.61,6.16,169.6,30.28,10.478,302,243,223,6.1000000000000005,6.199999999999989,-4
61.81,6.18,169.8,30.99,10.599,299,240,221,6.12,6.400000000000006,-7
62.01,6.2,169.9,32.34,10.708,301,239,220,6.140000000000001,6.5,-8
62.22,6.22,170.1,34.19,10.904000000000002,304,239,220,6.16,6.699999999999989,-8
62.42,6.24,170.1,34.01,10.991,299,235,217,6.18,6.699999999999989,-12
62.62,6.26,170.2,34.18,11.097999999999999,298,234,215,6.2,6.799999999999983,-13
62.82,6.28,170.3,34.82,11.202,301,234,215,6.22,6.900000000000006,-13
63.02,6.3,170.4,35.21,11.325,302,235,215,6.24,7.0,-12
63.23,6.32,170.5,34.72,11.39,298,232,213,6.26,7.099999999999994,-15
63.43,6.34,170.6,34.68,11.443,297,231,213,6.28,7.199999999999989,-16
63.63,6.36,170.6,34.7,11.498,303,233,214,6.3,7.199999999999989,-14
63.83,6.38,170.6,34.02,11.505,299,232,214,6.32,7.199999999999989,-15
64.03,6.4,170.6,33.32,11.515,296,231,213,6.34,7.199999999999989,-16
64.24,6.42,170.7,33.14,11.519,298,232,213,6.36,7.299999999999983,-15
64.44,6.44,170.6,31.98,11.522,300,233,215,6.38,7.199999999999989,-14
64.64,6.46,170.6,30.5,11.512,296,232,213,6.4,7.199999999999989,-15
64.84,6.48,170.6,29.42,11.501,296,232,213,6.42,7.199999999999989,-15
65.04,6.5,170.5,26.68,11.431,301,234,215,6.44,7.099999999999994,-13
65.25,6.52,170.6,24.93,11.4,299,233,214,6.46,7.199999999999989,-14
65.45,6.54,170.6,23.21,11.360999999999999,296,233,214,6.48,7.199999999999989,-14
65.65,6.56,170.5,20.73,11.27,300,236,217,6.5,7.099999999999994,-11
65.85,6.58,170.5,19.22,11.208,299,237,218,6.5200000000000005,7.099999999999994,-10
66.05,6.6,170.3,17.7,11.138,297,236,217,6.54,6.900000000000006,-11
66.26,6.62,170.4,16.65,11.078,296,237,218,6.5600000000000005,7.0,-10
66.46,6.64,170.3,14.78,10.927,299,241,222,6.58,6.900000000000006,-6
66.66,6.66,170.2,13.53,10.812999999999999,298,242,223,6.6000000000000005,6.799999999999983,-5
66.86,6.68,170.1,12.64,10.714,295,243,223,6.62,6.699999999999989,-4
67.06,6.7,169.9,11.25,10.508,298,247,227,6.640000000000001,6.5,0
67.27,6.72,169.9,11.01,10.364,299,250,230,6.66,6.5,3
67.47,6.74,169.7,10.25,10.252,297,251,230,6.68,6.299999999999983,4
67.67,6.76,169.6,9.59,10.121,294,251,231,6.7,6.199999999999989,4
67.87,6.78,169.5,9.3,9.907,299,256,236,6.72,6.099999999999994,9
68.07,6.8,169.4,9.18,9.793,300,258,238,6.74,6.0,11
68.28,6.82,169.3,8.87,9.701,298,257,237,6.76,5.900000000000006,10
68.48,6.84,169.3,8.59,9.591000000000001,297,257,237,6.78,5.900000000000006,10
68.68,6.86,169.2,8.94,9.555,301,261,241,6.8,5.799999999999983,14
68.88,6.88,169.2,9.08,9.539,302,262,241,6.82,5.799999999999983,15
69.08,6.9,169.2,8.84,9.527999999999999,299,260,240,6.84,5.799999999999983,13
69.29,6.92,169.2,9.59,9.546,299,259,239,6.86,5.799999999999983,12
69.49,6.94,169.2,10.67,9.561,303,263,242,6.88,5.799999999999983,16
69.69,6.96,169.2,11.13,9.601,303,263,242,6.9,5.799999999999983,16
69.89,6.98,169.4,12.33,9.807,297,259,239,6.92,6.0,12
70.09,7.01,169.5,13.56,9.946,300,261,240,6.94,6.099999999999994,14
70.3,7.03,169.6,14.88,10.117,305,262,242,6.96,6.199999999999989,15
70.5,7.05,169.9,17.0,10.517000000000001,299,255,236,6.98,6.5,8
70.7,7.07,170.2,19.09,10.73,299,253,233,7.0,6.799999999999983,6
70.9,7.09,170.3,21.75,10.935,304,252,233,7.0200000000000005,6.900000000000006,5
71.1,7.11,170.3,24.14,11.11,306,252,232,7.04,6.900000000000006,5
71.31,7.13,170.5,27.12,11.405,300,244,225,7.0600000000000005,7.099999999999994,-3
71.51,7.15,170.6,29.06,11.552999999999999,301,243,224,7.08,7.199999999999989,-4
71.71,7.17,170.9,30.88,11.662,305,243,225,7.1000000000000005,7.5,-4
71.91,7.19,171.0,32.16,11.863,300,239,221,7.12,7.599999999999994,-8
72.11,7.21,171.0,32.61,11.981,298,236,218,7.140000000000001,7.599999999999994,-11
72.32,7.23,171.2,33.76,12.095999999999998,301,236,218,7.16,7.799999999999983,-11
72.52,7.25,171.3,34.78,12.179,305,238,219,7.18,7.900000000000006,-9
72.72,7.27,171.4,34.44,12.347999999999999,298,233,215,7.2,8.0,-14
72.92,7.29,171.6,34.55,12.434000000000001,297,232,214,7.22,8.199999999999989,-15
73.12,7.31,171.5,35.28,12.512,302,233,214,7.24,8.099999999999994,-14
73.33,7.33,171.7,35.09,12.595999999999998,301,233,215,7.26,8.299999999999983,-14
73.53,7.35,171.7,34.38,12.635,297,231,212,7.28,8.299999999999983,-16
73.73,7.37,171.8,34.24,12.668,298,231,212,7.3,8.400000000000006,-16
73.93,7.39,171.8,33.96,12.687999999999999,302,233,214,7.32,8.400000000000006,-14
74.13,7.41,171.8,33.24,12.683,298,232,213,7.34,8.400000000000006,-15
74.34,7.43,171.8,32.56,12.681,296,231,212,7.36,8.400000000000006,-16
74.54,7.45,171.8,32.4,12.681,298,232,213,7.38,8.400000000000006,-15
74.74,7.47,171.7,29.29,12.657,300,233,214,7.4,8.299999999999983,-14
74.94,7.49,171.7,27.9,12.633,296,232,212,7.42,8.299999999999983,-15
75.14,7.51,171.7,26.48,12.615,297,232,213,7.44,8.299999999999983,-15
75.35,7.53,171.7,23.69,12.527999999999999,301,235,216,7.46,8.299999999999983,-12
75.55,7.55,171.7,21.77,12.481,298,234,215,7.48,8.299999999999983,-13
75.75,7.57,171.6,20.41,12.433,296,234,215,7.5,8.199999999999989,-13
75.95,7.59,171.5,19.24,12.376,297,235,216,7.5200000000000005,8.099999999999994,-12
76.15,7.61,171.5,16.81,12.243,299,239,220,7.54,8.099999999999994,-8
76.36,7.63,171.5,15.55,12.167,296,239,219,7.5600000000000005,8.099999999999994,-8
76.56,7.65,171.4,14.34,12.091,295,240,220,7.58,8.0,-7
76.76,7.67,171.2,12.93,11.888,299,245,225,7.6000000000000005,7.799999999999983,-2
76.96,7.69,171.2,11.97,11.759,298,246,226,7.62,7.799999999999983,-1
77.16,7.71,171.1,11.04,11.645999999999999,295,247,227,7.640000000000001,7.699999999999989,0
77.37,7.73,170.8,10.29,11.412,298,251,231,7.66,7.400000000000006,4
77.57,7.75,170.9,10.06,11.290999999999999,300,254,234,7.68,7.5,7
77.77,7.77,170.8,9.5,11.161,298,255,235,7.7,7.400000000000006,8
77.97,7.79,170.7,9.03,11.043,295,254,234,7.72,7.299999999999983,7
78.17,7.81,170.5,8.96,10.868,299,258,238,7.74,7.099999999999994,11
78.38,7.83,170.4,9.0,10.790999999999999,302,260,240,7.76,7.0,13
78.58,7.85,170.3,8.71,10.732999999999999,299,260,240,7.78,6.900000000000006,13
78.78,7.87,170.4,8.7,10.690999999999999,297,258,238,7.8,7.0,11
78.98,7.89,170.3,9.17,10.694,302,261,241,7.82,6.900000000000006,14
79.18,7.91,170.3,9.32,10.693,304,263,242,7.84,6.900000000000006,16
79.39,7.93,170.3,9.38,10.696,300,261,240,7.86,6.900000000000006,14
79.59,7.95,170.5,11.1,10.787,299,260,240,7.88,7.099999999999994,13
79.79,7.97,170.4,11.9,10.866,303,263,242,7.9,7.0,16
79.99,8.0,170.5,12.79,10.96,303,264,243,7.92,7.099999999999994,17
80.19,8.02,170.6,14.18,11.277999999999999,298,258,238,7.94,7.199999999999989,11
80.4,8.04,171.0,15.69,11.479000000000001,301,259,238,7.96,7.599999999999994,12
80.6,8.06,171.1,17.69,11.677999999999999,305,258,238,7.98,7.699999999999989,11
80.8,8.08,171.3,21.17,12.077,301,252,232,8.0,7.900000000000006,5
81.0,8.1,171.4,23.41,12.279000000000002,301,248,229,8.02,8.0,1
81.2,8.12,171.7,26.0,12.436,304,248,229,8.040000000000001,8.299999999999983,1
81.41,8.14,171.8,28.15,12.577,307,248,228,8.06,8.400000000000006,1
81.61,8.16,172.0,29.99,12.811,299,242,222,8.08,8.599999999999994,-5
81.81,8.18,171.9,31.12,12.942,300,240,221,8.1,8.5,-7
82.01,8.2,172.1,32.73,13.058,304,241,221,8.120000000000001,8.699999999999989,-6
82.21,8.22,172.3,33.59,13.245999999999999,301,238,219,8.14,8.900000000000006,-9
82.42,8.24,172.4,33.72,13.359000000000002,298,235,216,8.16,9.0,-12
82.62,8.26,172.4,34.42,13.454,300,234,215,8.18,9.0,-13
82.82,8.28,172.5,35.2,13.533,304,235,217,8.2,9.099999999999994,-12
83.02,8.3,172.7,34.94,13.652999999999999,298,234,214,8.22,9.299999999999983,-13
83.22,8.32,172.7,34.72,13.738,296,231,213,8.24,9.299999999999983,-16
83.43,8.34,172.8,35.03,13.79,300,232,213,8.26,9.400000000000006,-15
83.63,8.36,172.9,34.64,13.837,301,233,214,8.28,9.5,-14
83.83,8.38,172.8,33.84,13.85,296,231,213,8.3,9.400000000000006,-16
84.03,8.4,173.0,33.44,13.853,297,231,212,8.32,9.599999999999994,-16
84.23,8.42,172.8,33.36,13.857999999999999,301,233,214,8.34,9.400000000000006,-14
84.44,8.44,172.8,31.8,13.864,299,232,214,8.36,9.400000000000006,-15
84.64,8.46,172.8,30.49,13.857000000000001,296,231,213,8.38,9.400000000000006,-16
84.84,8.48,172.9,29.56,13.828,298,232,214,8.4,9.5,-15
85.04,8.5,172.8,26.49,13.773,300,234,215,8.42,9.400000000000006,-13
85.24,8.52,172.8,24.71,13.738,297,233,214,8.44,9.400000000000006,-14
85.45,8.54,172.7,23.44,13.710999999999999,296,233,214,8.46,9.299999999999983,-14
85.65,8.56,172.7,20.74,13.604000000000001,300,236,217,8.48,9.299999999999983,-11
85.85,8.58,172.6,18.99,13.550999999999998,298,236,217,8.5,9.199999999999989,-11
86.05,8.6,172.6,17.63,13.491,295,236,217,8.52,9.199999999999989,-11
86.25,8.62,172.5,16.71,13.425,296,237,218,8.540000000000001,9.099999999999994,-10
86.46,8.64,172.5,14.63,13.252,299,242,222,8.56,9.099999999999994,-5
86.66,8.66,172.4,13.28,13.162,297,242,222,8.58,9.0,-5
86.86,8.68,172.3,12.42,13.06,294,243,223,8.6,8.900000000000006,-4
87.06,8.7,172.1,11.51,12.83,299,249,229,8.620000000000001,8.699999999999989,2
87.26,8.72,172.2,10.9,12.697000000000001,298,250,231,8.64,8.799999999999983,3
87.47,8.74,171.9,9.92,12.574000000000002,294,250,230,8.66,8.5,3
87.67,8.76,171.9,9.56,12.46,294,251,231,8.68,8.5,4
87.87,8.78,171.7,9.46,12.228,301,258,237,8.700000000000001,8.299999999999983,11
88.07,8.8,171.7,9.06,12.109000000000002,299,258,238,8.72,8.299999999999983,11
88.27,8.82,171.6,8.67,12.015999999999998,295,256,236,8.74,8.199999999999989,9
88.48,8.84,171.4,8.7,11.911,299,260,239,8.76,8.0,13
88.68,8.86,171.4,8.96,11.878,302,263,242,8.78,8.0,16
88.88,8.88,171.5,8.83,11.867,300,261,241,8.8,8.099999999999994,14
89.08,8.9,171.5,8.68,11.855,296,259,239,8.82,8.099999999999994,12
89.28,8.92,171.4,9.91,11.856,302,262,241,8.84,8.0,15
89.49,8.94,171.3,10.67,11.872,304,263,243,8.86,7.900000000000006,16
89.69,8.96,171.4,11.03,11.909,300,262,241,8.88,8.0,15
89.89,8.99,171.6,12.44,12.122,299,261,240,8.9,8.199999999999989,14
90.09,9.01,171.7,13.73,12.27,304,263,243,8.92,8.299999999999983,16
90.29,9.03,171.8,14.88,12.432,304,263,242,8.94,8.400000000000006,16
90.5,9.05,172.2,16.86,12.845999999999998,298,255,235,8.96,8.799999999999983,8
90.7,9.07,172.3,19.33,13.064,302,254,234,8.98,8.900000000000006,7
90.9,9.09,172.5,21.98,13.267999999999999,306,254,234,9.0,9.099999999999994,7
91.1,9.11,172.6,24.01,13.440999999999999,305,252,232,9.02,9.199999999999989,5
91.3,9.13,172.8,27.18,13.759,299,243,224,9.040000000000001,9.400000000000006,-4
91.51,9.15,172.9,29.47,13.892999999999999,304,245,225,9.06,9.5,-2
91.71,9.17,173.1,31.08,13.995,306,245,226,9.08,9.699999999999989,-2
91.91,9.19,173.2,31.79,14.215,298,238,220,9.1,9.799999999999983,-9
92.11,9.21,173.4,32.75,14.34,299,237,218,9.120000000000001,10.0,-10
92.31,9.23,173.4,34.12,14.447000000000001,304,238,219,9.14,10.0,-9
92.52,9.25,173.5,34.74,14.525,305,239,220,9.16,10.099999999999994,-8
92.72,9.27,173.7,34.2,14.707,296,233,214,9.18,10.299999999999983,-14
92.92,9.29,173.8,34.84,14.797,299,233,214,9.200000000000001,10.400000000000006,-14
93.12,9.31,173.7,35.49,14.873,304,234,215,9.22,10.299999999999983,-13
93.32,9.33,173.9,34.77,14.96,297,232,213,9.24,10.5,-15
93.53,9.35,173.9,34.31,15.007,296,231,212,9.26,10.5,-16
93.73,9.37,174.0,34.6,15.027999999999999,299,232,213,9.28,10.599999999999994,-15
93.93,9.39,174.0,33.75,15.052999999999999,300,233,214,9.3,10.599999999999994,-14
94.13,9.41,174.0,32.95,15.050999999999998,295,231,212,9.32,10.599999999999994,-16
94.33,9.43,174.0,32.62,15.052,296,232,212,9.34,10.599999999999994,-15
94.54,9.45,174.0,32.4,15.052,302,233,214,9.36,10.599999999999994,-14
94.74,9.47,174.0,29.17,15.024000000000001,297,232,214,9.38,10.599999999999994,-15
94.94,9.49,174.0,27.96,14.992,295,232,213,9.4,10.599999999999994,-15
95.14,9.51,173.9,26.81,14.968,298,233,214,9.42,10.5,-14
95.34,9.53,173.9,23.4,14.885,300,235,216,9.44,10.5,-12
95.55,9.55,173.9,21.71,14.843,295,234,215,9.46,10.5,-13
95.75,9.57,173.8,20.39,14.793,295,234,215,9.48,10.400000000000006,-13
95.95,9.59,173.8,19.51,14.735,300,236,218,9.5,10.400000000000006,-11
96.15,9.61,173.7,16.65,14.595999999999998,297,239,219,9.52,10.299999999999983,-8
96.35,9.63,173.7,15.19,14.523,294,238,219,9.540000000000001,10.299999999999983,-9
96.56,9.65,173.7,14.5,14.453,296,240,221,9.56,10.299999999999983,-7
96.76,9.67,173.5,12.84,14.232000000000001,300,246,226,9.58,10.099999999999994,-1
96.96,9.69,173.4,11.84,14.118,296,246,226,9.6,10.0,-1
97.16,9.71,173.3,10.93,14.005999999999998,294,246,226,9.620000000000001,9.900000000000006,-1
97.36,9.73,173.1,10.51,13.773,300,253,233,9.64,9.699999999999989,6
97.57,9.75,173.1,10.03,13.634,300,255,235,9.66,9.699999999999989,8
97.77,9.77,173.0,9.34,13.504000000000001,296,254,234,9.68,9.599999999999994,7
97.97,9.79,172.9,8.97,13.401,294,254,233,9.700000000000001,9.5,7
98.17,9.81,172.7,9.12,13.213,301,261,239,9.72,9.299999999999983,14
98.37,9.83,172.6,8.86,13.133,301,261,241,9.74,9.199999999999989,14
98.58,9.85,172.6,8.47,13.077,297,259,238,9.76,9.199999999999989,12
98.78,9.87,172.6,8.8,13.046,299,260,240,9.78,9.199999999999989,13
98.98,9.89,172.5,9.29,13.037,303,263,242,9.8,9.099999999999994,16
99.18,9.91,172.6,9.04,13.038,301,262,242,9.82,9.199999999999989,15
99.38,9.93,172.5,9.32,13.043,297,260,238,9.84,9.099999999999994,13
99.59,9.95,172.6,11.2,13.135,301,262,242,9.86,9.199999999999989,15
99.79,9.98,172.6,12.09,13.209000000000001,304,264,244,9.88,9.199999999999989,17
99.99,10.0,172.7,12.53,13.3,301,263,242,9.9,9.299999999999983,16
100.19,10.02,173.0,14.27,13.642999999999999,299,259,239,9.92,9.599999999999994,12
100.39,10.04,173.1,16.05,13.842,304,260,240,9.94,9.699999999999989,13
100.6,10.06,173.2,17.83,14.038,306,260,239,9.96,9.799999999999983,13
100.8,10.08,173.5,19.1,14.235999999999999,302,255,235,9.98,10.099999999999994,8
101.0,10.1,173.7,23.73,14.658,301,248,230,10.0,10.299999999999983,1
101.2,10.12,173.9,26.32,14.802,306,249,230,10.02,10.5,2
101.4,10.14,174.0,27.94,14.937999999999999,306,248,229,10.040000000000001,10.599999999999994,1
101.61,10.16,174.2,29.94,15.192,298,240,222,10.06,10.799999999999983,-7
101.81,10.18,174.3,31.71,15.311,302,241,222,10.08,10.900000000000006,-6
102.01,10.2,174.4,33.06,15.41,306,242,223,10.1,11.0,-5
102.21,10.22,174.6,33.28,15.607999999999999,298,236,218,10.120000000000001,11.199999999999989,-11
102.41,10.24,174.7,33.72,15.735999999999999,298,234,216,10.14,11.299999999999983,-13
102.62,10.26,174.7,34.81,15.833,303,236,217,10.16,11.299999999999983,-11
102.82,10.28,174.8,35.37,15.909,305,237,218,10.18,11.400000000000006,-10
103.02,10.3,175.0,34.52,16.055,296,232,213,10.200000000000001,11.599999999999994,-15
103.22,10.32,175.0,34.88,16.116,298,232,213,10.22,11.599999999999994,-15
103.42,10.34,175.0,35.4,16.172,303,233,214,10.24,11.599999999999994,-14
103.63,10.36,175.1,34.32,16.209,298,232,213,10.26,11.699999999999989,-15
103.83,10.38,175.1,33.71,16.23,295,231,212,10.28,11.699999999999989,-16
104.03,10.4,175.1,33.57,16.23,299,232,213,10.3,11.699999999999989,-15
104.23,10.42,175.1,33.57,16.24,303,233,214,10.32,11.699999999999989,-14
104.43,10.44,175.1,31.62,16.24,295,232,213,10.34,11.699999999999989,-15
104.64,10.46,175.2,30.74,16.227999999999998,296,232,213,10.36,11.799999999999983,-15
104.84,10.48,175.2,29.58,16.22,302,233,215,10.38,11.799999999999983,-14
105.04,10.5,175.1,26.18,16.163,298,233,214,10.4,11.699999999999989,-14
105.24,10.52,175.1,24.62,16.129,294,231,213,10.42,11.699999999999989,-16
105.44,10.54,175.1,23.59,16.09,298,233,215,10.44,11.699999999999989,-14
105.65,10.56,175.0,20.56,15.972999999999999,301,237,217,10.46,11.599999999999994,-10
105.85,10.58,175.0,18.87,15.918,296,235,216,10.48,11.599999999999994,-12
106.05,10.6,174.9,17.57,15.873,295,236,216,10.5,11.5,-11
106.25,10.62,174.8,16.78,15.812000000000001,299,238,219,10.52,11.400000000000006,-9
106.45,10.64,174.8,14.61,15.620999999999999,298,242,223,10.540000000000001,11.400000000000006,-5
106.66,10.66,174.7,13.19,15.527000000000001,294,241,222,10.56,11.299999999999983,-6
106.86,10.68,174.6,12.43,15.435,295,243,223,10.58,11.199999999999989,-4
107.06,10.7,174.5,11.65,15.192,301,250,230,10.6,11.099999999999994,3
107.26,10.72,174.3,10.58,15.068,297,250,230,10.620000000000001,10.900000000000006,3
107.46,10.74,174.2,9.92,14.948,293,249,229,10.64,10.799999999999983,2
107.67,10.76,174.2,9.64,14.834000000000001,296,251,231,10.66,10.799999999999983,4
107.87,10.78,174.0,9.42,14.6,302,259,238,10.68,10.599999999999994,12
108.07,10.8,173.9,8.81,14.478,297,257,237,10.700000000000001,10.5,10
108.27,10.82,173.9,8.51,14.390999999999998,294,255,235,10.72,10.5,8
108.47,10.84,173.7,8.8,14.286,302,262,241,10.74,10.299999999999983,15
108.68,10.86,173.7,8.88,14.242,302,263,242,10.76,10.299999999999983,16
108.88,10.88,173.7,8.64,14.222999999999999,298,261,240,10.78,10.299999999999983,14
109.08,10.9,173.7,9.04,14.216,299,260,240,10.8,10.299999999999983,13
109.28,10.92,173.7,9.94,14.225999999999999,305,263,243,10.82,10.299999999999983,16
109.48,10.94,173.7,10.53,14.238,303,264,243,10.84,10.299999999999983,17
109.69,10.97,173.7,10.85,14.282,297,261,240,10.86,10.299999999999983,14
109.89,10.99,173.9,12.56,14.502,301,262,242,10.88,10.5,15
110.09,11.01,174.0,13.89,14.642999999999999,306,265,244,10.9,10.599999999999994,18
110.29,11.03,174.2,14.61,14.79,303,263,242,10.92,10.799999999999983,16
110.49,11.05,174.4,16.87,15.222999999999999,297,254,235,10.94,11.0,7
110.7,11.07,174.6,19.64,15.450999999999999,305,256,236,10.96,11.199999999999989,9
110.9,11.09,174.7,22.16,15.636,307,256,236,10.98,11.299999999999983,9
111.1,11.11,174.9,23.58,15.807,302,251,231,11.0,11.5,4
111.3,11.13,175.1,27.32,16.159000000000002,299,244,224,11.02,11.699999999999989,-3
111.5,11.15,175.2,29.83,16.288,307,246,226,11.040000000000001,11.799999999999983,-1
111.71,11.17,175.3,31.04,16.384,307,246,226,11.06,11.900000000000006,-1
111.91,11.19,175.5,31.4,16.633,295,237,217,11.08,12.099999999999994,-10
112.11,11.21,175.6,33.1,16.753,300,237,218,11.1,12.199999999999989,-10
112.31,11.23,175.8,34.43,16.852,307,240,220,11.120000000000001,12.400000000000006,-7
112.51,11.25,175.9,33.89,17.014,296,234,215,11.14,12.5,-13
112.72,11.27,176.0,34.09,17.131,294,232,212,11.16,12.599999999999994,-15
112.92,11.29,176.1,35.16,17.241,301,233,214,11.18,12.699999999999989,-14
113.12,11.31,176.1,35.82,17.279,307,236,217,11.200000000000001,12.699999999999989,-11
113.32,11.33,176.2,34.17,17.384,293,230,212,11.22,12.799999999999983,-17
113.52,11.35,176.3,34.23,17.44,295,229,211,11.24,12.900000000000006,-18
113.73,11.37,176.3,34.87,17.459,304,233,214,11.26,12.900000000000006,-14
113.93,11.39,176.4,33.02,17.488,296,232,213,11.28,13.0,-15
114.13,11.41,176.3,32.14,17.492,290,229,210,11.3,12.900000000000006,-18
114.33,11.43,176.3,32.4,17.496,298,231,212,11.32,12.900000000000006,-16
114.53,11.45,176.3,32.67,17.484,308,235,216,11.34,12.900000000000006,-12
114.74,11.47,176.3,28.67,17.473,289,230,211,11.36,12.900000000000006,-17
114.94,11.49,176.3,27.91,17.465999999999998,290,229,211,11.38,12.900000000000006,-18
115.14,11.51,176.3,27.44,17.427,306,235,216,11.4,12.900000000000006,-12
115.34,11.53,176.2,22.81,17.329,295,235,216,11.42,12.799999999999983,-12
115.54,11.55,176.3,21.02,17.303,283,229,210,11.44,12.900000000000006,-18
115.75,11.57,176.2,20.9,17.274,295,233,214,11.46,12.799999999999983,-14
115.95,11.59,176.1,20.77,17.183,314,243,223,11.48,12.699999999999989,-4
116.15,11.61,176.0,15.47,17.029,286,236,217,11.5,12.599999999999994,-11
116.35,11.63,176.1,14.48,16.99,281,232,213,11.52,12.699999999999989,-15
116.55,11.65,176.0,15.38,16.93,303,242,223,11.540000000000001,12.599999999999994,-5
116.76,11.67,175.8,12.87,16.629,301,251,230,11.56,12.400000000000006,4
116.96,11.69,175.8,10.26,16.53,278,238,219,11.58,12.400000000000006,-9
117.16,11.71,175.7,10.03,16.471,283,238,219,11.6,12.299999999999983,-9
117.36,11.73,175.3,12.13,16.187,321,267,245,11.620000000000001,11.900000000000006,20
117.56,11.75,175.3,9.62,16.017,294,257,235,11.64,11.900000000000006,10
117.77,11.77,175.2,7.71,15.922,275,241,222,11.66,11.799999999999983,-6
117.97,11.79,175.2,8.22,15.87,286,246,226,11.68,11.799999999999983,-1
118.17,11.81,174.9,10.54,15.616,323,275,253,11.700000000000001,11.5,28
118.37,11.83,175.0,8.03,15.509,287,258,237,11.72,11.599999999999994,11
118.57,11.85,174.9,6.92,15.484000000000002,272,242,222,11.74,11.5,-5
118.78,11.87,174.8,11.15,15.436,329,276,255,11.76,11.400000000000006,29
118.98,11.89,174.8,10.35,15.389000000000001,321,278,256,11.78,11.400000000000006,31
119.18,11.91,174.9,7.83,15.385,278,254,233,11.8,11.5,7
119.38,11.93,174.7,8.25,15.436,269,240,222,11.82,11.299999999999983,-7
119.58,11.96,174.9,13.53,15.505,338,283,263,11.84,11.5,36
119.79,11.98,174.8,12.27,15.523,313,279,256,11.86,11.400000000000006,32
119.99,12.0,175.0,9.81,15.639000000000001,271,249,229,11.88,11.599999999999994,2
120.19,12.02,175.4,14.92,16.117,306,261,241,11.9,12.0,14
120.39,12.04,175.4,19.15,16.237000000000002,342,284,262,11.92,12.0,37
120.59,12.06,175.5,17.52,16.359,307,272,250,11.94,12.099999999999994,25
120.8,12.08,175.8,14.75,16.637999999999998,268,239,221,11.96,12.400000000000006,-8
121.0,12.1,176.2,25.05,17.227999999999998,315,254,233,11.98,12.799999999999983,7
121.2,12.12,176.2,28.82,17.316,341,271,249,12.0,12.799999999999983,24
121.4,12.14,176.3,25.86,17.410999999999998,297,254,234,12.02,12.900000000000006,7
121.6,12.16,176.9,26.89,17.963,280,226,208,12.040000000000001,13.5,-21
121.81,12.18,177.0,32.56,18.124000000000002,324,247,228,12.06,13.599999999999994,0
122.01,12.2,176.9,33.99,18.187,335,258,237,12.08,13.5,11
122.21,12.22,177.4,27.39,18.55,267,219,202,12.1,14.0,-28
122.41,12.24,177.7,31.08,18.84,288,224,206,12.120000000000001,14.299999999999983,-23
122.61,12.26,177.7,35.71,18.957,331,245,225,12.14,14.299999999999983,-2
122.82,12.28,177.7,35.46,19.002,325,249,229,12.16,14.299999999999983,2
123.02,12.3,178.1,29.05,19.382,268,214,198,12.18,14.699999999999989,-33
123.22,12.32,178.4,33.37,19.582,300,225,206,12.200000000000001,15.0,-22
123.42,12.34,178.4,36.0,19.631,336,244,224,12.22,15.0,-3
123.62,12.36,178.4,29.23,19.76,269,221,203,12.24,15.0,-26
123.83,12.38,178.7,29.43,19.951,271,214,197,12.26,15.299999999999983,-33
124.03,12.4,178.8,33.4,20.021,313,230,212,12.280000000000001,15.400000000000006,-17
124.23,12.42,178.6,34.46,20.006,338,245,225,12.3,15.199999999999989,-2
124.43,12.44,178.9,26.37,20.096,262,215,198,12.32,15.5,-32
124.63,12.46,178.9,28.08,20.149,279,218,201,12.34,15.5,-29
124.84,12.48,178.9,31.25,20.131,329,240,221,12.36,15.5,-7
125.04,12.5,178.9,23.26,20.083,277,229,210,12.38,15.5,-18
125.24,12.52,178.8,21.35,20.104,260,216,198,12.4,15.400000000000006,-31
125.44,12.54,178.8,24.74,20.092,293,228,211,12.42,15.400000000000006,-19
125.64,12.56,178.7,21.09,19.898,316,250,229,12.44,15.299999999999983,3
125.85,12.58,178.7,16.22,19.88,266,227,209,12.46,15.299999999999983,-20
126.05,12.6,178.8,15.81,19.892,264,220,202,12.48,15.400000000000006,-27
126.25,12.62,178.8,19.07,19.84,308,241,223,12.5,15.400000000000006,-6
126.45,12.64,178.6,14.57,19.553,300,252,231,12.52,15.199999999999989,5
126.65,12.66,178.5,10.69,19.508,262,228,209,12.540000000000001,15.099999999999994,-19
126.86,12.68,178.5,11.41,19.496,272,230,211,12.56,15.099999999999994,-17
127.06,12.7,178.1,14.49,19.201,338,271,249,12.58,14.699999999999989,24
127.26,12.72,178.3,9.96,19.034000000000002,286,253,233,12.6,14.900000000000006,6
127.46,12.74,178.1,7.78,18.984,262,231,213,12.620000000000001,14.699999999999989,-16
127.66,12.76,178.1,8.88,18.948,282,241,221,12.64,14.699999999999989,-6
127.87,12.78,177.8,11.61,18.646,331,278,256,12.66,14.400000000000006,31
128.07,12.8,177.8,7.89,18.518,278,254,233,12.68,14.400000000000006,7
128.27,12.82,177.8,6.7,18.487000000000002,264,235,216,12.700000000000001,14.400000000000006,-12
128.47,12.84,177.6,11.58,18.392,339,281,260,12.72,14.199999999999989,34
128.67,12.86,177.5,10.64,18.295,323,281,259,12.74,14.099999999999994,34
128.88,12.88,177.6,7.26,18.266,272,251,231,12.76,14.199999999999989,4
129.08,12.9,177.6,10.33,18.287,300,260,241,12.780000000000001,14.199999999999989,13
129.28,12.92,177.4,13.45,18.282,345,288,266,12.8,14.0,41
129.48,12.95,177.5,10.91,18.292,312,280,257,12.82,14.099999999999994,33
129.68,12.97,177.6,8.82,18.369,267,247,227,12.84,14.199999999999989,0
129.89,12.99,177.9,13.83,18.691,309,266,247,12.86,14.5,19
130.09,13.01,177.9,17.22,18.753,346,290,268,12.88,14.5,43
130.29,13.03,177.9,14.88,18.845,305,275,253,12.9,14.5,28
130.49,13.05,178.4,14.72,19.412,273,237,218,12.92,15.0,-10
130.69,13.07,178.6,21.53,19.639,319,262,242,12.94,15.199999999999989,15
130.9,13.09,178.5,25.26,19.744,343,279,257,12.96,15.099999999999994,32
131.1,13.11,178.8,22.25,19.855999999999998,296,260,239,12.98,15.400000000000006,13
131.3,13.13,179.3,24.29,20.455,281,231,212,13.0,15.900000000000006,-16
131.5,13.15,179.3,30.3,20.618000000000002,327,253,234,13.02,15.900000000000006,6
131.7,13.17,179.5,32.1,20.694000000000003,337,265,244,13.040000000000001,16.099999999999994,18
131.91,13.19,179.9,25.45,21.138,267,222,205,13.06,16.5,-25
132.11,13.21,180.2,29.42,21.433000000000003,289,228,209,13.08,16.799999999999983,-19
132.31,13.23,180.2,34.42,21.564,333,250,229,13.1,16.799999999999983,3
132.51,13.25,180.2,34.39,21.638,326,253,233,13.120000000000001,16.799999999999983,6
132.71,13.27,180.8,27.87,22.11,269,217,200,13.14,17.400000000000006,-30
132.92,13.29,180.9,32.54,22.346,300,227,210,13.16,17.5,-20
133.12,13.31,181.0,35.86,22.433000000000003,337,247,227,13.18,17.599999999999994,0
133.32,13.33,181.3,28.88,22.642,271,222,205,13.200000000000001,17.900000000000006,-25
133.52,13.35,181.5,29.18,22.881999999999998,273,216,198,13.22,18.099999999999994,-31
133.72,13.37,181.5,33.41,23.015,312,231,213,13.24,18.099999999999994,-16
133.93,13.39,181.6,30.14,23.052,297,236,217,13.26,18.19999999999999,-11
134.13,13.41,181.8,27.26,23.160999999999998,266,217,200,13.280000000000001,18.400000000000006,-30
134.33,13.43,182.0,28.96,23.284000000000002,281,218,201,13.3,18.599999999999994,-29
134.53,13.45,181.8,32.39,23.288,327,239,220,13.32,18.400000000000006,-8
134.73,13.47,181.9,25.43,23.285999999999998,280,230,211,13.34,18.5,-17
134.94,13.49,182.0,23.86,23.329,262,216,198,13.36,18.599999999999994,-31
135.14,13.51,182.0,26.61,23.329,294,227,210,13.38,18.599999999999994,-20
135.34,13.53,181.9,23.68,23.184,317,248,228,13.4,18.5,1
135.54,13.55,181.9,18.72,23.2,266,225,207,13.42,18.5,-22
135.74,13.57,181.9,18.2,23.211,264,219,201,13.44,18.5,-28
135.95,13.59,181.8,21.87,23.147,311,240,221,13.46,18.400000000000006,-7
136.15,13.61,181.6,16.43,22.91,298,248,228,13.48,18.19999999999999,1
136.35,13.63,181.7,12.7,22.904,261,226,207,13.5,18.299999999999983,-21
136.55,13.65,181.8,13.56,22.901,273,228,210,13.52,18.400000000000006,-19
136.75,13.67,181.3,15.92,22.607,337,267,246,13.540000000000001,17.900000000000006,20
136.96,13.69,181.4,10.98,22.462,283,250,229,13.56,18.0,3
137.16,13.71,181.5,8.68,22.433000000000003,261,229,210,13.58,18.099999999999994,-18
137.36,13.73,181.2,13.44,22.255,335,269,249,13.6,17.799999999999983,22
137.56,13.75,181.1,12.19,22.055,328,275,253,13.620000000000001,17.69999999999999,28
137.76,13.77,181.1,7.99,21.925,275,250,230,13.64,17.69999999999999,3
137.97,13.79,181.0,7.02,21.893,264,234,215,13.66,17.599999999999994,-13
138.17,13.81,180.8,11.98,21.719,341,281,260,13.68,17.400000000000006,34
138.37,13.83,180.7,10.22,21.595,318,279,256,13.700000000000001,17.299999999999983,32
138.57,13.85,180.7,7.09,21.541999999999998,270,249,229,13.72,17.299999999999983,2
138.77,13.87,180.6,10.37,21.525,305,264,244,13.74,17.19999999999999,17
138.98,13.89,180.6,12.33,21.484,345,289,266,13.76,17.19999999999999,42
139.18,13.91,180.6,10.02,21.456999999999997,307,278,255,13.780000000000001,17.19999999999999,31
139.38,13.93,180.8,7.69,21.51,266,245,225,13.8,17.400000000000006,-2
139.58,13.96,180.7,12.55,21.658,314,271,251,13.82,17.299999999999983,24
139.78,13.98,180.6,14.9,21.676,347,292,269,13.84,17.19999999999999,45
139.99,14.0,180.7,12.31,21.734,297,273,251,13.86,17.299999999999983,26
140.19,14.02,181.2,12.34,22.224,275,241,222,13.88,17.799999999999983,-6
140.39,14.04,181.3,18.42,22.427,325,272,251,13.9,17.900000000000006,25
140.59,14.06,181.3,21.36,22.518,343,286,264,13.92,17.900000000000006,39
140.79,14.08,181.9,16.59,22.979,266,233,215,13.94,18.5,-14
141.0,14.1,182.0,21.26,23.31,283,236,218,13.96,18.599999999999994,-11
141.2,14.12,182.2,27.92,23.476,331,261,242,13.98,18.799999999999983,14
141.4,14.14,182.1,29.56,23.552,336,270,249,14.0,18.69999999999999,23
141.6,14.16,182.8,23.52,24.035999999999998,268,224,207,14.02,19.400000000000006,-23
141.8,14.18,183.0,28.05,24.344,293,231,213,14.040000000000001,19.599999999999994,-16
142.01,14.2,183.1,33.04,24.476999999999997,336,255,234,14.06,19.69999999999999,8
142.21,14.22,183.3,27.63,24.750999999999998,276,233,215,14.08,19.900000000000006,-14
142.41,14.24,183.6,26.77,25.083000000000002,270,219,202,14.1,20.19999999999999,-28
142.61,14.26,183.9,31.78,25.345,302,231,212,14.120000000000001,20.5,-16
142.81,14.28,184.0,35.4,25.456,337,250,229,14.14,20.599999999999994,3
143.02,14.3,184.3,28.21,25.752,272,224,206,14.16,20.900000000000006,-23
143.22,14.32,184.4,28.83,26.04,274,216,199,14.18,21.0,-31
143.42,14.34,184.7,33.58,26.197,314,233,214,14.200000000000001,21.299999999999983,-14
143.62,14.36,184.8,31.37,26.288,297,236,218,14.22,21.400000000000006,-11
143.82,14.38,184.9,27.53,26.465999999999998,267,217,200,14.24,21.5,-30
144.03,14.4,185.0,29.63,26.635,282,219,201,14.26,21.599999999999994,-28
144.23,14.42,185.1,32.45,26.658,330,246,225,14.280000000000001,21.69999999999999,-1
144.43,14.44,185.2,26.65,26.701999999999998,279,229,210,14.3,21.799999999999983,-18
144.63,14.46,185.3,25.45,26.785,264,215,199,14.32,21.900000000000006,-32
144.83,14.48,185.3,28.26,26.82,295,227,209,14.34,21.900000000000006,-20
145.04,14.5,185.2,26.01,26.729,315,245,225,14.36,21.799999999999983,-2
145.24,14.52,185.2,21.01,26.761999999999997,265,224,205,14.38,21.799999999999983,-23
145.44,14.54,185.3,21.12,26.776999999999997,266,218,201,14.4,21.900000000000006,-29
145.64,14.56,185.1,23.78,26.587,342,256,235,14.42,21.69999999999999,9
145.84,14.58,185.1,18.42,26.538,295,244,224,14.44,21.69999999999999,-3
146.05,14.6,185.2,14.83,26.555,260,223,204,14.46,21.799999999999983,-24
146.25,14.62,185.2,16.22,26.551,276,227,209,14.48,21.799999999999983,-20
146.45,14.64,184.9,17.62,26.237,335,263,243,14.5,21.5,16
146.65,14.66,184.9,12.05,26.169,280,244,224,14.52,21.5,-3
146.85,14.68,185.0,10.17,26.156999999999996,260,226,208,14.540000000000001,21.599999999999994,-21
147.06,14.7,184.8,15.1,25.954,339,268,247,14.56,21.400000000000006,21
147.26,14.72,184.6,12.73,25.763,323,270,249,14.58,21.19999999999999,23
147.46,14.74,184.5,8.54,25.645,270,245,224,14.6,21.099999999999994,-2
147.66,14.76,184.6,7.63,25.618000000000002,264,232,214,14.620000000000001,21.19999999999999,-15
147.86,14.78,184.3,12.57,25.398000000000003,342,281,258,14.64,20.900000000000006,34
148.07,14.8,184.2,10.14,25.229,311,274,252,14.66,20.799999999999983,27
148.27,14.82,184.2,6.98,25.174,267,244,225,14.68,20.799999999999983,-3
148.47,14.84,184.1,10.57,25.119,312,266,247,14.700000000000001,20.69999999999999,19
148.67,14.86,184.0,11.8,25.017,344,288,266,14.72,20.599999999999994,41
148.87,14.88,184.0,9.18,24.967,300,273,251,14.74,20.599999999999994,26
149.08,14.9,184.0,8.69,25.026,273,243,223,14.76,20.599999999999994,-4
149.28,14.92,184.0,12.09,25.016,323,275,256,14.780000000000001,20.599999999999994,28
149.48,14.95,183.9,13.59,25.002,346,291,270,14.8,20.5,44
149.68,14.97,184.1,9.82,25.041,290,269,247,14.82,20.69999999999999,22
149.88,14.99,184.3,11.13,25.401999999999997,279,247,227,14.84,20.900000000000006,0
150.09,15.01,184.3,16.24,25.51,330,279,259,14.86,20.900000000000006,32
150.29,15.03,184.3,17.8,25.579,340,290,268,14.88,20.900000000000006,43
150.49,15.05,184.8,13.39,26.070999999999998,264,235,216,14.9,21.400000000000006,-12
150.69,15.07,185.1,18.34,26.403000000000002,288,244,225,14.92,21.69999999999999,-3
150.89,15.09,185.1,24.84,26.539,337,272,251,14.94,21.69999999999999,25
151.1,15.11,185.2,25.83,26.627,331,276,253,14.96,21.799999999999983,29
151.3,15.13,185.7,21.44,27.174,267,226,209,14.98,22.299999999999983,-21
151.5,15.15,186.0,26.58,27.464000000000002,298,238,219,15.0,22.599999999999994,-9
151.7,15.17,186.1,31.69,27.581,339,262,241,15.02,22.69999999999999,15
151.9,15.19,186.3,25.59,27.919,274,233,215,15.040000000000001,22.900000000000006,-14
152.11,15.21,186.7,25.9,28.27,272,222,204,15.06,23.299999999999983,-25
152.31,15.23,186.9,31.13,28.538,308,236,217,15.08,23.5,-11
152.51,15.25,187.2,32.15,28.761,306,247,227,15.1,23.799999999999983,0
152.71,15.27,187.4,27.19,29.022,270,224,206,15.120000000000001,24.0,-23
152.91,15.29,187.7,28.61,29.361,278,219,201,15.14,24.299999999999983,-28
153.12,15.31,187.8,33.67,29.531,319,236,217,15.16,24.400000000000006,-11
153.32,15.33,188.1,31.3,29.684,293,236,217,15.18,24.69999999999999,-11
153.52,15.35,188.3,27.43,29.927,268,217,199,15.200000000000001,24.900000000000006,-30
153.72,15.37,188.4,30.23,30.138,287,220,202,15.22,25.0,-27
153.92,15.39,188.5,32.56,30.203000000000003,326,245,225,15.24,25.099999999999994,-2
154.13,15.41,188.6,27.97,30.296999999999997,278,228,209,15.26,25.19999999999999,-19
154.33,15.43,188.9,26.55,30.436999999999998,267,215,198,15.280000000000001,25.5,-32
154.53,15.45,188.7,29.89,30.486,300,227,209,15.3,25.299999999999983,-20
154.73,15.47,188.8,27.96,30.454,309,241,221,15.32,25.400000000000006,-6
154.93,15.49,188.8,23.11,30.515,266,222,203,15.34,25.400000000000006,-25
155.14,15.51,188.9,23.98,30.535999999999998,271,218,201,15.36,25.5,-29
155.34,15.53,188.7,25.66,30.388,340,252,232,15.38,25.299999999999983,5
155.54,15.55,188.7,20.38,30.363000000000003,289,239,219,15.4,25.299999999999983,-8
155.74,15.57,188.8,17.06,30.406999999999996,260,220,201,15.42,25.400000000000006,-27
155.94,15.59,188.8,19.47,30.377,282,228,209,15.44,25.400000000000006,-19
156.15,15.61,188.4,18.87,30.096,329,259,238,15.46,25.0,12
156.35,15.63,188.6,13.46,30.078000000000003,273,237,218,15.48,25.19999999999999,-10
156.55,15.65,188.7,12.0,30.092,261,224,205,15.5,25.299999999999983,-23
156.75,15.67,188.2,16.74,29.855999999999998,342,266,245,15.52,24.799999999999983,19
156.95,15.69,188.3,13.32,29.671999999999997,313,263,242,15.540000000000001,24.900000000000006,16
157.16,15.71,188.3,9.09,29.605999999999998,266,238,218,15.56,24.900000000000006,-9
157.36,15.73,188.2,11.57,29.499000000000002,310,256,237,15.58,24.799999999999983,9
157.56,15.75,187.9,13.46,29.298000000000002,342,279,257,15.6,24.5,32
157.76,15.77,187.9,9.98,29.14,300,267,245,15.620000000000001,24.5,20
157.96,15.79,188.0,7.09,29.076,264,239,220,15.64,24.599999999999994,-8
158.17,15.81,187.8,10.78,28.971,322,270,250,15.66,24.400000000000006,23
158.37,15.83,187.6,11.77,28.815,341,286,264,15.68,24.19999999999999,39
158.57,15.85,187.6,8.35,28.76,288,266,244,15.700000000000001,24.19999999999999,19
158.77,15.87,187.7,8.33,28.741999999999997,280,247,228,15.72,24.299999999999983,0
158.97,15.89,187.5,12.29,28.699,333,280,259,15.74,24.099999999999994,33
159.18,15.91,187.4,11.88,28.664,337,289,267,15.76,24.0,42
159.38,15.94,187.7,8.51,28.791,263,237,218,15.780000000000001,24.299999999999983,-10
159.58,15.96,187.7,10.94,28.904,288,254,234,15.8,24.299999999999983,7
159.78,15.98,187.6,14.99,28.924,341,287,266,15.82,24.19999999999999,40
159.98,16.0,187.7,14.68,28.951999999999998,331,289,266,15.84,24.299999999999983,42
160.19,16.02,188.1,11.05,29.397,264,237,218,15.860000000000001,24.69999999999999,-10
160.39,16.04,188.3,15.72,29.66,297,254,235,15.88,24.900000000000006,7
160.59,16.06,188.4,21.62,29.778000000000002,345,283,261,15.9,25.0,36
160.79,16.08,188.6,16.92,30.164,271,243,225,15.92,25.19999999999999,-4
160.99,16.1,189.1,18.86,30.526,269,230,212,15.94,25.69999999999999,-17
161.2,16.12,189.2,25.23,30.776999999999997,307,248,228,15.96,25.799999999999983,1
161.4,16.14,189.3,29.84,30.88,343,270,248,15.98,25.900000000000006,23
161.6,16.16,189.7,23.12,31.299,269,231,213,16.0,26.299999999999983,-16
161.8,16.18,190.0,24.87,31.656999999999996,276,224,207,16.02,26.599999999999994,-23
162.0,16.2,190.1,30.72,31.881,318,244,224,16.04,26.69999999999999,-3
162.21,16.22,190.4,29.82,32.123000000000005,296,245,226,16.06,27.0,-2
162.41,16.24,190.8,25.77,32.45,269,222,205,16.080000000000002,27.400000000000006,-25
162.61,16.26,191.0,28.42,32.806,283,222,204,16.1,27.599999999999994,-25
162.81,16.28,191.1,33.77,32.968,326,243,223,16.12,27.69999999999999,-4
163.01,16.3,191.5,29.7,33.211999999999996,285,234,215,16.14,28.099999999999994,-13
163.22,16.32,191.8,27.17,33.512,268,217,200,16.16,28.400000000000006,-30
163.42,16.34,191.9,30.71,33.751999999999995,293,223,205,16.18,28.5,-24
163.62,16.36,192.1,33.1,33.867,320,244,224,16.2,28.69999999999999,-3
163.82,16.38,192.2,27.9,33.994,274,225,207,16.22,28.799999999999983,-22
164.02,16.4,192.4,27.14,34.209,269,215,198,16.240000000000002,29.0,-32
164.23,16.42,192.5,31.22,34.296,308,228,210,16.26,29.099999999999994,-19
164.43,16.44,192.5,28.55,34.313,302,239,219,16.28,29.099999999999994,-8
164.63,16.46,192.6,24.84,34.407,265,219,202,16.3,29.19999999999999,-28
164.83,16.48,192.6,25.96,34.472,276,219,201,16.32,29.19999999999999,-28
165.03,16.5,192.6,27.79,34.351,337,249,230,16.34,29.19999999999999,2
165.24,16.52,192.8,22.35,34.391999999999996,282,233,214,16.36,29.400000000000006,-14
165.44,16.54,192.7,19.74,34.426,260,218,199,16.38,29.299999999999983,-29
165.64,16.56,192.5,24.09,34.266,340,252,232,16.4,29.099999999999994,5
165.84,16.58,192.6,20.4,34.166,322,253,232,16.42,29.19999999999999,6
166.04,16.6,192.5,15.09,34.184,267,230,212,16.44,29.099999999999994,-17
166.25,16.62,192.6,14.5,34.205,263,221,204,16.46,29.19999999999999,-26
166.45,16.64,192.3,18.62,33.931,343,264,243,16.48,28.900000000000006,17
166.65,16.66,192.3,13.94,33.806999999999995,302,255,234,16.5,28.900000000000006,8
166.85,16.68,192.3,10.0,33.787,261,231,211,16.52,28.900000000000006,-16
167.05,16.7,192.2,13.94,33.645,322,258,239,16.54,28.799999999999983,11
167.26,16.72,191.9,14.4,33.421,340,275,253,16.56,28.5,28
167.46,16.74,192.0,9.74,33.306,287,257,236,16.580000000000002,28.599999999999994,10
167.66,16.76,191.9,7.39,33.263000000000005,262,233,215,16.6,28.5,-14
167.86,16.78,191.6,11.95,33.09,332,274,253,16.62,28.19999999999999,27
168.06,16.8,191.6,11.67,32.905,333,282,260,16.64,28.19999999999999,35
168.27,16.82,191.6,7.88,32.83,278,257,236,16.66,28.19999999999999,10
168.47,16.84,191.6,9.14,32.79,290,253,233,16.68,28.19999999999999,6
168.67,16.86,191.3,12.03,32.692,340,284,262,16.7,27.900000000000006,37
168.87,16.88,191.3,10.87,32.626,324,285,262,16.72,27.900000000000006,38
169.07,16.9,191.4,7.9,32.704,264,238,218,16.740000000000002,28.0,-9
169.28,16.93,191.5,10.79,32.714,299,262,242,16.76,28.099999999999994,15
169.48,16.95,191.3,13.92,32.673,348,290,269,16.78,27.900000000000006,43
169.68,16.97,191.3,11.55,32.69,316,283,260,16.8,27.900000000000006,36
169.88,16.99,191.8,10.03,33.049,267,238,219,16.82,28.400000000000006,-9
170.08,17.01,191.8,14.48,33.222,308,266,246,16.84,28.400000000000006,19
170.29,17.03,191.8,18.63,33.279,346,291,269,16.86,28.400000000000006,44
170.49,17.05,192.3,13.48,33.709,266,241,223,16.88,28.900000000000006,-6
170.69,17.07,192.5,16.1,34.075,273,235,217,16.9,29.099999999999994,-12
170.89,17.09,192.6,23.04,34.274,318,260,240,16.92,29.19999999999999,13
171.09,17.11,192.7,26.76,34.361,344,278,256,16.94,29.299999999999983,31
171.3,17.13,193.2,20.71,34.848,267,231,213,16.96,29.799999999999983,-16
171.5,17.15,193.7,24.01,35.195,281,230,211,16.98,30.299999999999983,-17
171.7,17.17,193.6,30.05,35.39,326,252,233,17.0,30.19999999999999,5
171.9,17.19,194.0,27.28,35.674,289,244,225,17.02,30.599999999999994,-3
172.1,17.21,194.3,24.53,36.037,268,222,205,17.04,30.900000000000006,-25
172.31,17.23,194.5,28.37,36.372,290,227,209,17.06,31.099999999999994,-20
172.51,17.25,194.7,33.85,36.614000000000004,327,253,233,17.080000000000002,31.299999999999983,6
172.71,17.27,195.0,28.18,36.84,279,232,213,17.1,31.599999999999994,-15
172.91,17.29,195.5,26.69,37.191,270,218,200,17.12,32.099999999999994,-29
173.11,17.31,195.6,31.35,37.438,301,227,209,17.14,32.19999999999999,-20
173.32,17.33,195.8,33.08,37.601,313,244,224,17.16,32.400000000000006,-3
173.52,17.35,196.1,27.79,37.795,271,223,206,17.18,32.69999999999999,-24
173.72,17.37,196.1,28.06,38.052,274,216,199,17.2,32.69999999999999,-31
173.92,17.39,196.3,33.53,38.152,337,246,226,17.22,32.900000000000006,-1
174.12,17.41,196.3,28.95,38.208,295,237,217,17.240000000000002,32.900000000000006,-10
174.33,17.43,196.4,26.07,38.355,266,218,200,17.26,33.0,-29
174.53,17.45,196.6,27.82,38.457,282,220,202,17.28,33.19999999999999,-27
174.73,17.47,196.4,29.58,38.395,331,248,227,17.3,33.0,1
174.93,17.49,196.7,23.94,38.459,277,230,211,17.32,33.29999999999998,-17
175.13,17.51,196.7,22.73,38.512,262,217,199,17.34,33.29999999999998,-30
175.34,17.53,196.4,26.42,38.349000000000004,342,252,231,17.36,33.0,5
175.54,17.55,196.5,22.05,38.313,312,248,228,17.38,33.099999999999994,1
175.74,17.57,196.6,17.29,38.367,264,226,207,17.400000000000002,33.19999999999999,-21
175.94,17.59,196.4,20.81,38.274,316,244,225,17.42,33.0,-3
176.14,17.61,196.2,20.28,38.082,343,261,240,17.44,32.79999999999998,14
176.35,17.63,196.4,14.96,38.027,292,248,228,17.46,33.0,1
176.55,17.65,196.5,11.65,38.051,260,226,208,17.48,33.099999999999994,-21
176.75,17.67,196.1,16.16,37.863,331,260,240,17.5,32.69999999999999,13
176.95,17.69,196.0,14.92,37.647,333,270,249,17.52,32.599999999999994,23
177.15,17.71,196.1,9.88,37.575,278,248,228,17.54,32.69999999999999,1
177.36,17.73,196.0,10.09,37.492,289,245,227,17.56,32.599999999999994,-2
177.56,17.75,195.8,13.2,37.291,340,275,254,17.580000000000002,32.400000000000006,28
177.76,17.77,195.6,11.31,37.11,321,276,255,17.6,32.19999999999999,29
177.96,17.79,195.7,7.66,37.043,271,248,228,17.62,32.29999999999998,1
178.16,17.81,195.6,9.6,36.971,301,259,239,17.64,32.19999999999999,12
178.37,17.83,195.3,12.09,36.806,344,286,264,17.66,31.900000000000006,39
178.57,17.85,195.4,9.9,36.715,310,278,255,17.68,32.0,31
178.77,17.87,195.4,7.19,36.735,269,240,220,17.7,32.0,-7
178.97,17.89,195.3,11.06,36.696,313,269,250,17.72,31.900000000000006,22
